player_id,team_name,player_name,nationality,position,age
804508,Arsenal,Viktor Gyökeres,Sweden,F,
934235,Arsenal,Bukayo Saka,England,F,
794839,Arsenal,Gabriel Jesus,Brazil,F,
922573,Arsenal,Gabriel Martinelli,Brazil,F,
836705,Arsenal,Kai Havertz,Germany,F,
135666,Arsenal,Leandro Trossard,Belgium,F,
547410,Arsenal,Martin Ødegaard,Norway,M,
856714,Arsenal,Declan Rice,England,M,
864921,Arsenal,Eberechi Eze,England,M,
966547,Arsenal,Noni Madueke,England,M,
592010,Arsenal,Mikel Merino,Spain,M,
1917626,Arsenal,Max Dowman,England,M,
966837,Arsenal,Martín Zubimendi,Spain,M,
135256,Arsenal,Christian Nørgaard,Denmark,M,
869792,Arsenal,Gabriel Magalhães,Brazil,D,
941168,Arsenal,William Saliba,France,D,
1002837,Arsenal,Piero Hincapié,Ecuador,D,
958959,Arsenal,Jurriën Timber,Netherlands,D,
957602,Arsenal,Riccardo Calafiori,Italy,D,
1423711,Arsenal,Myles Lewis-Skelly,England,D,
1144630,Arsenal,Cristhian Mosquera,Spain,D,
846036,Arsenal,Ben White,England,D,
581310,Arsenal,David Raya,Spain,G,
232422,Arsenal,Kepa Arrizabalaga,Spain,G,
1150958,Arsenal,Tommy Setford,England,G,
865057,Leicester City,Patson Daka,Zambia,F,
103045,Leicester City,Jordan Ayew,Ghana,F,
1498836,Leicester City,Dujuan Richards,Jamaica,F,
833057,Leicester City,Hamza Choudhury,Bangladesh,M,
1467990,Leicester City,Divine Mukasa,England,M,
1103589,Leicester City,Abdul Fatawu Issahaku,Ghana,M,
1861707,Leicester City,Jeremy Monga,England,M,
605338,Leicester City,Stephy Mavididi,England,M,
818073,Leicester City,Joe Aribo,Nigeria,M,
151499,Leicester City,Bobby De Cordova-Reid,Jamaica,M,
859901,Leicester City,Oliver Skipp,England,M,
545780,Leicester City,Harry Winks,England,M,
1136409,Leicester City,Jordan James,Wales,M,
1000142,Leicester City,Aaron Ramsey,England,M,
1403055,Leicester City,Michael Golding,England,M,
1917669,Leicester City,Louis Page,England,M,
1157405,Leicester City,Wanya Marcal Madivadua,Portugal,M,
1153420,Leicester City,Silko Thomas,England,M,
1092409,Leicester City,Victor Kristiansen,Denmark,D,
120538,Leicester City,Jannik Vestergaard,Denmark,D,
221200,Leicester City,Ricardo Pereira,Portugal,D,
153444,Leicester City,Jamaal Lascelles,England,D,
967722,Leicester City,Caleb Okoli,Italy,D,
808680,Leicester City,Harry Souttar,Australia,D,
991584,Leicester City,Luke Thomas,England,D,
1391844,Leicester City,Benjamin Nelson,England,D,
1543805,Leicester City,Olabade Aluko,England,D,
1899526,Leicester City,Kevon Gray,England,D,
997830,Leicester City,Jakub Stolarczyk,Poland,G,
13918,Leicester City,Asmir Begović,Bosnia & Herzegovina,G,
929975,Leicester City,Francisco Vieites,Spain,G,
33902,Brighton & Hove Albion,Danny Welbeck,England,F,
1416535,Brighton & Hove Albion,Charalampos Kostoulas,Greece,F,
1155321,Brighton & Hove Albion,Stefanos Tzimas,Greece,F,
1199043,Brighton & Hove Albion,Carlos Baleba,Cameroon,M,
936849,Brighton & Hove Albion,Kaoru Mitoma,Japan,M,
1065588,Brighton & Hove Albion,Diego Gómez,Paraguay,M,
1400106,Brighton & Hove Albion,Yankuba Minteh,Gambia,M,
891829,Brighton & Hove Albion,Matt O'Riley,Denmark,M,
48480,Brighton & Hove Albion,Pascal Groß,Germany,M,
946695,Brighton & Hove Albion,Georginio Rutter,France,M,
791,Brighton & Hove Albion,James Milner,England,M,
1036269,Brighton & Hove Albion,Yasin Ayari,Sweden,M,
1142315,Brighton & Hove Albion,Jack Hinshelwood,England,M,
301288,Brighton & Hove Albion,Solly March,England,M,
825844,Brighton & Hove Albion,Ferdi Kadıoğlu,Türkiye,D,
997152,Brighton & Hove Albion,Maxim De Cuyper,Belgium,D,
962012,Brighton & Hove Albion,Jan Paul van Hecke,Netherlands,D,
959628,Brighton & Hove Albion,Mats Wieffer,Netherlands,D,
115365,Brighton & Hove Albion,Lewis Dunk,England,D,
842513,Brighton & Hove Albion,Igor Júlio,Brazil,D,
219572,Brighton & Hove Albion,Joël Veltman,Netherlands,D,
788784,Brighton & Hove Albion,Olivier Boscagli,France,D,
216308,Brighton & Hove Albion,Adam Webster,England,D,
994363,Brighton & Hove Albion,Bart Verbruggen,Netherlands,G,
31867,Brighton & Hove Albion,Jason Steele,England,G,
1007073,Brighton & Hove Albion,Tom McGill,Canada,G,
1016907,Brentford,Igor Thiago,Brazil,F,
991604,Brentford,Fabio Carvalho,Portugal,F,
1403098,Brentford,Kaye Furo,Belgium,F,
1586020,Brentford,Romelle Donovan,England,F,
1106451,Brentford,Dango Ouattara,Burkina Faso,M,
42694,Brentford,Jordan Henderson,England,M,
826139,Brentford,Reiss Nelson,England,M,
907072,Brentford,Mikkel Damsgaard,Denmark,M,
1006387,Brentford,Kevin Schade,Germany,M,
1031258,Brentford,Yehor Yarmoliuk,Ukraine,M,
1126692,Brentford,Antoni Milambo,Netherlands,M,
799251,Brentford,Mathias Jensen,Denmark,M,
814873,Brentford,Vitaly Janelt,Germany,M,
856260,Brentford,Josh Dasilva,England,M,
1137431,Brentford,Michael Kayode,Italy,D,
924378,Brentford,Sepp van den Berg,Netherlands,D,
958916,Brentford,Nathan Collins,Ireland,D,
855864,Brentford,Ethan Pinnock,Jamaica,D,
576384,Brentford,Kristoffer Ajer,Norway,D,
972421,Brentford,Keane Lewis-Potter,England,D,
966869,Brentford,Aaron Hickey,Scotland,D,
599128,Brentford,Rico Henry,Jamaica,D,
827362,Brentford,Caoimhin Kelleher,Ireland,G,
1005959,Brentford,Hákon Rafn Valdimarsson,Iceland,G,
1411132,Brentford,Julian Eyestone,USA,G,
860205,Brentford,Ellery Balcombe,England,G,
991478,Bournemouth,Amine Adli,Morocco,F,
1426228,Bournemouth,Eli Junior Kroupi,France,F,
998490,Bournemouth,Evanilson,Brazil,F,
336655,Bournemouth,Enes Ünal,Türkiye,F,
1464966,Bournemouth,Rayan,Brazil,M,
851596,Bournemouth,Justin Kluivert,Netherlands,M,
1154861,Bournemouth,Ben Gannon-Doak,Scotland,M,
1476524,Bournemouth,Alex Tóth,Hungary,M,
1104986,Bournemouth,Alex Scott,England,M,
800419,Bournemouth,Tyler Adams,USA,M,
895576,Bournemouth,Marcus Tavernier,England,M,
855731,Bournemouth,David Brooks,Wales,M,
322391,Bournemouth,Ryan Christie,Scotland,M,
548188,Bournemouth,Lewis Cook,England,M,
830659,Bournemouth,Marcos Senesi,Argentina,D,
1201520,Bournemouth,Julio Soler,Argentina,D,
1184308,Bournemouth,Álex Jiménez,Spain,D,
1406130,Bournemouth,Veljko Milosavljević,Serbia,D,
962408,Bournemouth,Bafodé Diakité,France,D,
999028,Bournemouth,Adrien Truffert,France,D,
1156586,Bournemouth,James Hill,England,D,
44566,Bournemouth,Adam Smith,England,D,
1190712,Bournemouth,Matai Akinmboni,USA,D,
882604,Bournemouth,Đorđe Petrović,Serbia,G,
913762,Bournemouth,Christos Mandas,Greece,G,
19314,Bournemouth,Fraser Forster,England,G,
555386,Aston Villa,Ollie Watkins,England,F,
610766,Aston Villa,Tammy Abraham,England,F,
851100,Aston Villa,Jadon Sancho,England,M,
955245,Aston Villa,Harvey Elliott,England,M,
948261,Aston Villa,Morgan Rogers,England,M,
867887,Aston Villa,Douglas Luiz,Brazil,M,
331737,Aston Villa,Youri Tielemans,Belgium,M,
783126,Aston Villa,Emiliano Buendía,Argentina,M,
808590,Aston Villa,Leon Bailey,Jamaica,M,
923973,Aston Villa,Amadou Onana,Belgium,M,
250223,Aston Villa,John McGinn,Scotland,M,
826204,Aston Villa,Boubacar Kamara,France,M,
98435,Aston Villa,Ross Barkley,England,M,
1631879,Aston Villa,Alysson,Brazil,M,
1089388,Aston Villa,Lamare Bogarde,Netherlands,M,
833956,Aston Villa,Matty Cash,Poland,D,
143334,Aston Villa,Victor Lindelöf,Sweden,D,
976263,Aston Villa,Ian Maatsen,Netherlands,D,
96538,Aston Villa,Lucas Digne,France,D,
864169,Aston Villa,Pau Torres,Spain,D,
827679,Aston Villa,Ezri Konsa,England,D,
303638,Aston Villa,Tyrone Mings,England,D,
1457536,Aston Villa,Andrés García,Spain,D,
158263,Aston Villa,Emiliano Martínez,Argentina,G,
100390,Aston Villa,Marco Bizot,Netherlands,G,
1138445,Aston Villa,James Wright,England,G,
981619,Nottingham Forest,Igor Jesus,Brazil,F,
50480,Nottingham Forest,Chris Wood,New Zealand,F,
962364,Nottingham Forest,Lorenzo Lucca,Italy,F,
359664,Nottingham Forest,Taiwo Awoniyi,Nigeria,F,
1003334,Nottingham Forest,James McAtee,England,M,
843754,Nottingham Forest,Ibrahim Sangaré,Côte d'Ivoire,M,
867442,Nottingham Forest,Callum Hudson Odoi,England,M,
994546,Nottingham Forest,Elliot Anderson,England,M,
865912,Nottingham Forest,Morgan Gibbs-White,England,M,
944327,Nottingham Forest,Dan Ndoye,Switzerland,M,
1090963,Nottingham Forest,Omari Hutchinson,England,M,
871765,Nottingham Forest,Nicolás Domínguez,Argentina,M,
963298,Nottingham Forest,Dilane Bakwa,France,M,
846252,Nottingham Forest,Ryan Yates,England,M,
1400429,Nottingham Forest,Jimmy Sinclair,England,M,
1566888,Nottingham Forest,Archie Whitehall,England,M,
1199282,Nottingham Forest,Murillo,Brazil,D,
836168,Nottingham Forest,Nikola Milenković,Serbia,D,
800417,Nottingham Forest,Ola Aina,Nigeria,D,
927356,Nottingham Forest,Neco Williams,Wales,D,
1170722,Nottingham Forest,Jair,Brazil,D,
1010220,Nottingham Forest,Nicolò Savona,Italy,D,
985086,Nottingham Forest,Morato,Brazil,D,
139310,Nottingham Forest,Willy Boly,Côte d'Ivoire,D,
1418646,Nottingham Forest,Eric da Silva Moreira,Germany,D,
979144,Nottingham Forest,Luca Netz,Germany,D,
1390490,Nottingham Forest,Zach Abbott,England,D,
1141741,Nottingham Forest,Justin Hanks,Wales,D,
125274,Nottingham Forest,Stefan Ortega,Germany,G,
840103,Nottingham Forest,John Victor,Brazil,G,
78152,Nottingham Forest,Matz Sels,Belgium,G,
227946,Nottingham Forest,Angus Gunn,Scotland,G,
1412863,Nottingham Forest,Keehan Willows,England,G,
786186,Wolverhampton,Hwang Hee-chan,South Korea,F,
987734,Wolverhampton,Tolu Arokodare,Nigeria,F,
1899647,Wolverhampton,Mateus Mané,Portugal,F,
1402232,Wolverhampton,Enso González,Paraguay,F,
361352,Wolverhampton,Adam Armstrong,England,F,
1166679,Wolverhampton,Nathan Fraser,Ireland,F,
845273,Wolverhampton,Jean-Ricner Bellegarde,Haiti,M,
1015267,Wolverhampton,João Gomes,Brazil,M,
1035996,Wolverhampton,André,Brazil,M,
867441,Wolverhampton,Angel Gomes,England,M,
1096210,Wolverhampton,Jackson Tchatchoua,Cameroon,M,
1006073,Wolverhampton,Rodrigo Gomes,Portugal,M,
1445189,Wolverhampton,Tom Edozie,England,M,
1597270,Wolverhampton,Pedro Lima,Brazil,D,
1014835,Wolverhampton,Yerson Mosquera,Colombia,D,
856250,Wolverhampton,Ladislav Krejčí,Czechia,D,
143047,Wolverhampton,Matt Doherty,Ireland,D,
846308,Wolverhampton,Santiago Bueno,Uruguay,D,
1013928,Wolverhampton,Hugo Bueno,Spain,D,
973418,Wolverhampton,Toti Gomes,Portugal,D,
1031283,Wolverhampton,David Møller Wolfe,Norway,D,
252669,Wolverhampton,José Sá,Portugal,G,
98427,Wolverhampton,Sam Johnstone,England,G,
101367,Wolverhampton,Daniel Bentley,England,G,
1899638,Wolverhampton,Josh Gracey,Northern Ireland,G,
822470,Fulham,Samuel Chukwueze,Nigeria,F,
192442,Fulham,Raúl Jiménez,Mexico,F,
1015256,Fulham,Rodrigo Muniz,Brazil,F,
1503757,Fulham,Jonah Kusi-Asare,Sweden,F,
1065216,Fulham,Oscar Bobb,Norway,M,
352770,Fulham,Alex Iwobi,Nigeria,M,
867445,Fulham,Emile Smith Rowe,England,M,
1112879,Fulham,Kevin,Brazil,M,
355528,Fulham,Harry Wilson,Wales,M,
793167,Fulham,Sander Berge,Norway,M,
371222,Fulham,Saša Lukić,Serbia,M,
1546231,Fulham,Joshua King,England,M,
82566,Fulham,Tom Cairney,Scotland,M,
365802,Fulham,Harrison Reed,England,M,
861972,Fulham,Calvin Bassey,Nigeria,D,
825719,Fulham,Issa Diop,Morocco,D,
803174,Fulham,Antonee Robinson,USA,D,
362682,Fulham,Joachim Andersen,Denmark,D,
329417,Fulham,Timothy Castagne,Belgium,D,
836698,Fulham,Ryan Sessegnon,England,D,
190877,Fulham,Kenny Tete,Netherlands,D,
868715,Fulham,Jorge Cuenca,Spain,D,
103335,Fulham,Bernd Leno,Germany,G,
123207,Fulham,Benjamin Lecomte,France,G,
839956,Manchester City,Erling Haaland,Norway,F,
873554,Manchester City,Omar Marmoush,Egypt,F,
859765,Manchester City,Phil Foden,England,M,
934354,Manchester City,Antoine Semenyo,Ghana,M,
979128,Manchester City,Rayan Cherki,France,M,
827606,Manchester City,Rodri,Spain,M,
934386,Manchester City,Jérémy Doku,Belgium,M,
331209,Manchester City,Bernardo Silva,Portugal,M,
1046795,Manchester City,Savinho,Brazil,M,
893549,Manchester City,Tijjani Reijnders,Netherlands,M,
136710,Manchester City,Mateo Kovačić,Croatia,M,
954056,Manchester City,Nico González,Spain,M,
1146511,Manchester City,Sverre Nypan,Norway,M,
1194333,Manchester City,Abdukodir Khusanov,Uzbekistan,D,
964994,Manchester City,Joško Gvardiol,Croatia,D,
931278,Manchester City,Rayan Aït-Nouri,Algeria,D,
318941,Manchester City,Rúben Dias,Portugal,D,
1142703,Manchester City,Nico O'Reilly,England,D,
877994,Manchester City,Marc Guéhi,England,D,
152077,Manchester City,John Stones,England,D,
149663,Manchester City,Nathan Aké,Netherlands,D,
945122,Manchester City,Matheus Nunes,Portugal,D,
1136731,Manchester City,Rico Lewis,England,D,
1168513,Manchester City,Max Alleyne,England,D,
824509,Manchester City,Gianluigi Donnarumma,Italy,G,
980643,Manchester City,James Trafford,England,G,
257993,Manchester City,Marcus Bettinelli,England,G,
286165,West Ham United,Adama Traoré,Spain,F,
877013,West Ham United,Valentín Castellanos,Argentina,F,
113956,West Ham United,Callum Wilson,England,F,
1101174,West Ham United,Pablo Felipe,Brazil,F,
552884,West Ham United,Jarrod Bowen,England,M,
917005,West Ham United,Crysencio Summerville,Netherlands,M,
1142562,West Ham United,Mateus Fernandes,Portugal,M,
799041,West Ham United,Tomáš Souček,Czechia,M,
1190165,West Ham United,Keiber Lamadrid,Venezuela,M,
1170560,West Ham United,Soungoutou Magassa,France,M,
1523623,West Ham United,Mohamadou Kanté,France,M,
1089582,West Ham United,Freddie Potts,England,M,
863653,West Ham United,Aaron Wan-Bissaka,DR Congo,D,
1471764,West Ham United,El Hadji Malick Diouf,Senegal,D,
827243,West Ham United,Axel Disasi,France,D,
829022,West Ham United,Konstantinos Mavropanos,Greece,D,
945217,West Ham United,Jean-Clair Todibo,France,D,
823085,West Ham United,Kyle Walker-Peters,England,D,
894474,West Ham United,Max Kilman,England,D,
1150952,West Ham United,Oliver Scarles,England,D,
1652590,West Ham United,Ezra Mayers,England,D,
15479,West Ham United,Łukasz Fabiański,Poland,G,
96531,West Ham United,Alphonse Aréola,France,G,
856640,West Ham United,Mads Hermansen,Denmark,G,
190867,Ipswich Town,Chuba Akpom,England,F,
1154598,Ipswich Town,Sindre Walle Egeli,Norway,F,
1007072,Ipswich Town,Anis Mehmeti,Albania,F,
1000696,Ipswich Town,Ivan Azón,Spain,F,
839712,Ipswich Town,George Hirst,Scotland,F,
1014461,Ipswich Town,Jaden Philogene-Bidace,England,M,
1014801,Ipswich Town,Marcelino Núñez,Chile,M,
921005,Ipswich Town,Jack Clarke,England,M,
857671,Ipswich Town,Jens-Lys Cajuste,Sweden,M,
1065134,Ipswich Town,Kasey McAteer,Ireland,M,
856495,Ipswich Town,Azor Matusiwa,Netherlands,M,
964106,Ipswich Town,Dan Neil,England,M,
856669,Ipswich Town,Jack Taylor,Ireland,M,
305302,Ipswich Town,Wes Burns,Wales,M,
1066814,Ipswich Town,Elkan Baggott,Indonesia,D,
10589,Ipswich Town,Ashley Young,England,D,
963493,Ipswich Town,Leif Davis,England,D,
886802,Ipswich Town,Cédric Kipré,Côte d'Ivoire,D,
856719,Ipswich Town,Dara O'Shea,Ireland,D,
914412,Ipswich Town,Ben Johnson,England,D,
990821,Ipswich Town,Jacob Greaves,England,D,
786022,Ipswich Town,Darnell Furlong,England,D,
197982,Ipswich Town,Conor Townsend,England,D,
796143,Ipswich Town,Alex Palmer,England,G,
198038,Ipswich Town,Christian Walton,England,G,
32673,Ipswich Town,David Button,England,G,
840217,Tottenham Hotspur,Richarlison,Brazil,F,
871706,Tottenham Hotspur,Randal Kolo Muani,France,F,
361420,Tottenham Hotspur,Dominic Solanke,England,F,
1048888,Tottenham Hotspur,Mathys Tel,France,F,
1142679,Tottenham Hotspur,Wilson Odobert,France,F,
905163,Tottenham Hotspur,Mohammed Kudus,Ghana,M,
997183,Tottenham Hotspur,Xavi Simons,Netherlands,M,
1002711,Tottenham Hotspur,Pape Matar Sarr,Senegal,M,
844842,Tottenham Hotspur,Yves Bissouma,Mali,M,
364612,Tottenham Hotspur,João Palhinha,Portugal,M,
904970,Tottenham Hotspur,Conor Gallagher,England,M,
356398,Tottenham Hotspur,James Maddison,England,M,
928124,Tottenham Hotspur,Dejan Kulusevski,Sweden,M,
1391251,Tottenham Hotspur,Lucas Bergvall,Sweden,M,
791190,Tottenham Hotspur,Rodrigo Bentancur,Uruguay,M,
1142335,Tottenham Hotspur,Archie Gray,England,M,
829932,Tottenham Hotspur,Cristian Romero,Argentina,D,
997103,Tottenham Hotspur,Radu Drăguşin,Romania,D,
998247,Tottenham Hotspur,Micky van de Ven,Netherlands,D,
913654,Tottenham Hotspur,Pedro Porro,Spain,D,
983572,Tottenham Hotspur,Destiny Udogie,Italy,D,
945798,Tottenham Hotspur,Djed Spence,England,D,
794953,Tottenham Hotspur,Kevin Danso,Austria,D,
1482340,Tottenham Hotspur,Souza,Brazil,D,
94758,Tottenham Hotspur,Ben Davies,Wales,D,
1031251,Tottenham Hotspur,Antonín Kinský,Czechia,G,
553606,Tottenham Hotspur,Guglielmo Vicario,Italy,G,
859896,Tottenham Hotspur,Brandon Austin,England,G,
845286,Crystal Palace,Ismaïla Sarr,Senegal,F,
1085180,Crystal Palace,Brennan Johnson,Wales,F,
848276,Crystal Palace,Jean Philippe Mateta,France,F,
876599,Crystal Palace,Jørgen Strand Larsen,Norway,F,
984624,Crystal Palace,Yéremy Pino,Spain,F,
858194,Crystal Palace,Eddie Nketiah,England,F,
930245,Crystal Palace,Evann Guessand,Côte d'Ivoire,F,
1884145,Crystal Palace,Christantus Uche,Nigeria,F,
870360,Crystal Palace,Daniel Muñoz,Colombia,M,
794338,Crystal Palace,Daichi Kamada,Japan,M,
1109771,Crystal Palace,Adam Wharton,England,M,
355796,Crystal Palace,Jefferson Lerma,Colombia,M,
357584,Crystal Palace,Borna Sosa,Croatia,M,
906047,Crystal Palace,Cheick Doucouré,Mali,M,
988275,Crystal Palace,Tyrick Mitchell,England,M,
193554,Crystal Palace,Will Hughes,England,M,
1084311,Crystal Palace,Justin Devenny,Northern Ireland,M,
1185603,Crystal Palace,Kaden Rodney,England,M,
1064218,Crystal Palace,Chadi Riad,Morocco,D,
879674,Crystal Palace,Maxence Lacroix,France,D,
931844,Crystal Palace,Chris Richards,USA,D,
1471671,Crystal Palace,Jaydee Canvot,France,D,
43215,Crystal Palace,Nathaniel Clyne,England,D,
1465401,Crystal Palace,Caleb Kporha,England,D,
1469007,Crystal Palace,Rio Cardines,Trinidad and Tobago,D,
788134,Crystal Palace,Dean Henderson,England,G,
249859,Crystal Palace,Walter Benítez,Argentina,G,
581610,Crystal Palace,Remi Matthews,England,G,
927083,Manchester United,Bryan Mbeumo,Cameroon,F,
971037,Manchester United,Amad Diallo,Côte d'Ivoire,F,
986397,Manchester United,Benjamin Šeško,Slovenia,F,
886363,Manchester United,Matheus Cunha,Brazil,F,
836694,Manchester United,Mason Mount,England,F,
917007,Manchester United,Joshua Zirkzee,Netherlands,F,
1566204,Manchester United,Chido Obi-Martin,Denmark,F,
288205,Manchester United,Bruno Fernandes,Portugal,M,
122951,Manchester United,Casemiro,Brazil,M,
1142175,Manchester United,Kobbie Mainoo,England,M,
1397168,Manchester United,Patrick Dorgu,Denmark,M,
846425,Manchester United,Manuel Ugarte,Uruguay,M,
1402726,Manchester United,Jack Fletcher,England,M,
1402850,Manchester United,Tyler Fletcher,Scotland,M,
1881884,Manchester United,Jim Thwaites,England,M,
847030,Manchester United,Noussair Mazraoui,Morocco,D,
859999,Manchester United,Lisandro Martínez,Argentina,D,
803031,Manchester United,Matthijs de Ligt,Netherlands,D,
149380,Manchester United,Harry Maguire,England,D,
843200,Manchester United,Diogo Dalot,Portugal,D,
1153315,Manchester United,Leny Yoro,France,D,
190839,Manchester United,Luke Shaw,England,D,
1445799,Manchester United,Ayden Heaven,England,D,
825839,Manchester United,Tyrell Malacia,Netherlands,D,
964753,Manchester United,Senne Lammens,Belgium,G,
815890,Manchester United,Altay Bayındır,Türkiye,G,
18122,Manchester United,Tom Heaton,England,G,
