joueur,club_depart,club_arrivee,montant,date_transfert,type_transfert
Stephan Negru,Oxford Utd,Swindon,0,2026-06-23T22:25:58Z,contract
Taïryk Arconte,Rodez,Millwall,0,2026-06-23T22:15:25Z,contract
Adrian Szczutowski,Free agent,Radomiak Radom,0,2026-06-23T19:55:06Z,contract
Mauro Icardi,Galatasaray,Free agent,0,2026-06-23T18:06:36Z,contract
Berkan Kutlu,Konyaspor,Free agent,0,2026-06-23T18:05:25Z,contract
Riechedly Bazoer,Konyaspor,Free agent,0,2026-06-23T18:04:10Z,contract
Casper Højer Nielsen,Rizespor,Free agent,0,2026-06-23T17:58:59Z,contract
Salih Uçan,Beşiktaş,Free agent,0,2026-06-23T17:58:16Z,contract
Iñaki Peña,Barcelona,Panathinaikos,3000000,2026-06-23T17:54:46Z,contract
Marko Jevtovic,Konyaspor,Free agent,0,2026-06-23T17:50:11Z,contract
Ersin Destanoglu,Beşiktaş,Free agent,0,2026-06-23T17:47:44Z,contract
Remo Freuler,Bologna,Free agent,0,2026-06-23T17:34:20Z,contract
Dominik Holec,Piast Gliwice,Free agent,0,2026-06-23T17:22:59Z,contract
Onurcan Piri,Kayserispor,Kocaelispor,0,2026-06-23T17:17:48Z,contract
Edin Visca,Free agent,Başakşehir,0,2026-06-23T17:17:08Z,contract
Domen Gril,Académico Viseu FC,Piast Gliwice,0,2026-06-23T17:16:07Z,contract
Jean Pierre Nsame,Legia Warszawa,Pogoń Szczecin,0,2026-06-23T17:15:22Z,contract
Isak Dahlqvist,BW Linz,Tromsø,0,2026-06-23T16:45:08Z,contract
Miguel Atienza,Burgos CF,Free agent,0,2026-06-23T15:13:15Z,contract
Michael Steinwender,Hearts,Bochum,0,2026-06-23T13:24:43Z,contract
Fernand Goure,Westerlo,Radomiak Radom,0,2026-06-23T12:30:09Z,contract
Koki Ando,Mito Hollyhock,Royal Antwerp,0,2026-06-23T12:10:41Z,contract
Robert Wagner,Freiburg,Dynamo Dresden,850000,2026-06-23T11:40:18Z,contract
Maksim Mukhin,CSKA,Rostov,0,2026-06-23T11:24:20Z,contract
Giacomo Vrioni,Cesena,Wolfsberger AC,0,2026-06-23T11:14:13Z,contract
Mamadou Coulibaly,Südtirol,Free agent,0,2026-06-23T10:58:47Z,contract
Léandre Kuavita,Standard Liege,Free agent,0,2026-06-23T10:55:49Z,contract
Kévin Boma,Estoril,Salzburg,7000000,2026-06-23T10:55:36Z,contract
Nicolas Ngamaleu,Dinamo,Free agent,0,2026-06-23T10:53:01Z,contract
David Boison,Medeama SC,Sønderjyske,200000,2026-06-23T10:11:12Z,contract
Doron Leidner,Olympiacos,Hapoel Tel Aviv,0,2026-06-23T09:21:21Z,contract
Andrés Correa,Deportivo Cali,Once Caldas,0,2026-06-23T09:15:17Z,contract
Sarel Cohen,Maccabi Haifa,Hapoel Kfar Saba,0,2026-06-23T09:15:10Z,contract
Luis Quiñones,Pachuca,America de Cali,0,2026-06-23T09:13:03Z,contract
Brayan Córdoba,Cucuta,America de Cali,0,2026-06-23T09:10:55Z,contract
Juan Castilla,RKC Waalwijk,Llaneros FC,0,2026-06-23T09:06:54Z,contract
Stav Israeli,Bnei Yehuda Tel Aviv,Hapoel Petah Tikva,0,2026-06-23T09:05:02Z,contract
Jorge Rivaldo,Aguilas Doradas,Athletico Paranaense,1200000,2026-06-23T08:51:16Z,contract
Panagiotis Tachtsidis,Remo,Karmiotissa Pano Polemidia,0,2026-06-23T08:42:45Z,contract
Dan Lee-Yam,Maccabi Netanya,Maccabi Petach Tikva,0,2026-06-23T08:34:08Z,contract
King Manu,Düsseldorf,Energie Cottbus,0,2026-06-23T07:17:36Z,contract
Thiago Silva,FC Porto,Fluminense,0,2026-06-23T07:12:41Z,contract
Kaj Sierhuis,Free agent,NEC Nijmegen,0,2026-06-22T21:51:23Z,contract
Tobias Storm,Lyngby,NEC Nijmegen,1500000,2026-06-22T21:48:42Z,contract
Hauke Wahl,St. Pauli,Wolfsburg,2000000,2026-06-22T21:40:36Z,contract
Triantafyllos Tsapras,Levadiakos,Panathinaikos,3000000,2026-06-22T21:31:28Z,contract
Bobby Clark,Salzburg,Derby,8000000,2026-06-22T20:50:23Z,contract
Jonathan Viera,Las Palmas,Free agent,0,2026-06-22T20:43:16Z,contract
Adam Andersson,Aalborg Freja,Örgryte,0,2026-06-22T20:20:23Z,contract
Sergio Canales,Monterrey,Racing Santander,0,2026-06-22T19:03:18Z,contract
Sergio Ruiz,Free agent,Las Palmas,0,2026-06-22T18:23:57Z,contract
Michal Karbownik,Hertha BSC,Başakşehir,0,2026-06-22T16:11:16Z,contract
Gabriel Kobylak,Legia Warszawa,Free agent,0,2026-06-22T14:57:51Z,contract
Salva Ruiz,Castellon,Free agent,0,2026-06-22T14:55:06Z,contract
Cobel Garcia,Basel,FC Stade Lausanne-Ouchy,0,2026-06-22T13:08:20Z,on loan
Ferdinand Pohl,Leverkusen,FC Utrecht,0,2026-06-22T10:56:56Z,contract
Adrián Fernández,Caracas,Atletico Grau,0,2026-06-22T10:09:57Z,contract
Gianluca Lapadula,Spezia,Universitario de Deportes,0,2026-06-22T10:08:17Z,contract
Gustavo Klismahn,Santa Clara,FK Neftchi,300000,2026-06-22T09:44:10Z,contract
Deinner Quiñónes,Once Caldas,Alianza FC,0,2026-06-22T08:02:26Z,contract
Haroun Shapso,Ironi Tiberias,Hapoel Rishon LeZion,0,2026-06-22T05:35:25Z,contract
Bar Cohen,Araz-Naxcivan Nakchivan,Ironi Tiberias,0,2026-06-22T05:17:47Z,contract
Ariel Cohen,Hapoel Tel Aviv,Ironi Tiberias,0,2026-06-22T05:12:06Z,on loan
Maxim Plakushchenko,Maccabi Netanya,Hapoel Ramat Gan,0,2026-06-22T04:53:15Z,contract
Tedros Demelash,Hapoel Ramat HaSharon,Hapoel Petah Tikva,0,2026-06-22T04:42:12Z,contract
Salah Abderahim,Hapoel Tel Aviv,Maccabi Bnei Raina,0,2026-06-22T04:04:11Z,contract
Noaf Bazea,Maccabi Petach Tikva,Maccabi Bnei Raina,0,2026-06-22T04:01:00Z,contract
Nikola Djurkovic,Hapoel Hadera,Hapoel Ironi Kiryat Shmona,0,2026-06-22T03:47:29Z,contract
Shay Refael Sabah,Hapoel Rishon LeZion,Hapoel Ironi Kiryat Shmona,0,2026-06-22T03:45:14Z,contract
Idan Cohen,Hapoel Petah Tikva,Hapoel Jerusalem,0,2026-06-22T03:11:23Z,contract
Shahar Amsalem,Hapoel Petah Tikva,Hapoel Rishon LeZion,0,2026-06-22T02:55:02Z,contract
Loizos Loizou,Hapoel Tel Aviv,FK Crvena Zvezda,3500000,2026-06-22T02:48:08Z,contract
Wahib Habiballa,Ironi Tiberias,Hapoel Haifa,0,2026-06-22T02:34:25Z,contract
Sali Pahima,Hapoel Ironi Akko,Hapoel Haifa,0,2026-06-22T01:54:06Z,contract
Carlitos,Akritas Chlorakas,Bnei Sakhnin,0,2026-06-22T01:21:39Z,contract
Eugene Ansah,FC Ashdod,Beitar Jerusalem,0,2026-06-22T01:08:31Z,contract
Ronny Biojó,Asociacion Deportiva Tarma,Mushuc Runa,0,2026-06-21T18:07:03Z,contract
Cedric Itten,Düsseldorf,Werder Bremen,0,2026-06-21T17:21:54Z,contract
Konstantin Schopp,Mainz,Hartberg,0,2026-06-21T16:17:27Z,on loan
Milan Aleksic,Sunderland,Partizan Beograd,0,2026-06-21T15:13:45Z,on loan
Marcel Lubik,Augsburg,Wisła Kraków,0,2026-06-21T15:08:42Z,on loan
Alessandro Nunziante,Udinese,Arezzo,0,2026-06-21T13:45:44Z,on loan
Niek Schiks,PSV Eindhoven,RKC Waalwijk,0,2026-06-21T11:59:20Z,on loan
Dejan Zukic,Wolfsberger AC,Vojvodina,2500000,2026-06-21T10:36:57Z,contract
Eirik Granaas,Fredrikstad,FC Porto B,0,2026-06-21T10:34:20Z,contract
Florian Grillitsch,Braga,Free agent,0,2026-06-21T10:24:26Z,contract
Sivert Heggheim Mannsverk,Ajax,Sparta Prague,2500000,2026-06-21T10:11:40Z,contract
Antón Escobar,Racing de Ferrol,Cultural Leonesa,0,2026-06-20T22:55:21Z,on loan
Étienne Camara,Sporting Charleroi,Panathinaikos,4000000,2026-06-20T20:28:53Z,contract
Gonçalo Oliveira,Benfica,Rennes,3500000,2026-06-20T20:17:45Z,contract
Boy Kemper,NAC Breda,QPR,0,2026-06-20T16:20:36Z,contract
Sebastian Kerk,Arka Gdynia,Zagłębie Lubin,0,2026-06-20T16:18:37Z,contract
Lucas Abraham Chávez,Argentinos Juniors,Panathinaikos,0,2026-06-20T15:37:40Z,on loan
Patrik Hellebrand,Free agent,Korona Kielce,0,2026-06-20T15:18:53Z,contract
Shinnosuke Katsushima,Girona,Gimnastic,0,2026-06-20T15:16:51Z,contract
Giovanni Daffara,Avellino,Juventus,1000000,2026-06-20T14:11:26Z,contract
Laurens Goemaere,Club NXT,Standard Liege,300000,2026-06-20T10:14:31Z,contract
Gabriel Silva,Santa Clara,Braga,3500000,2026-06-20T09:49:00Z,contract
Giulian Biancone,Olympiacos,Anderlecht,2500000,2026-06-20T09:45:39Z,contract
Daniil Utkin,Rostov,Krasnodar,0,2026-06-20T09:42:15Z,contract
Samuel Ramos,Zemplin Michalovce,St. Mirren,0,2026-06-20T05:48:53Z,contract
Liam Gordon,Motherwell,Gillingham,0,2026-06-20T05:42:32Z,contract
Benjamin Uphoff,Hansa Rostock,Eintracht Braunschweig,0,2026-06-20T03:33:52Z,contract
Samuele Di Benedetto,VfB Stuttgart II,Eintracht Braunschweig,0,2026-06-20T03:30:17Z,contract
Oliwier Kwiatkowski,Polonia Bytom,Raków Częstochowa,0,2026-06-19T23:32:00Z,contract
Abubacarr Sedi Kinteh,Tromsø,Al Ahli,6500000,2026-06-19T22:49:57Z,contract
Mauro Da Luz,Aldosivi,Atletico Grau,0,2026-06-19T20:46:59Z,contract
Teun Gijselhart,De Graafschap,Deportivo La Coruña,0,2026-06-19T20:44:36Z,contract
Ricardo Santos,Swansea,Sheff Wed,0,2026-06-19T19:03:51Z,contract
Razvan Sava,Udinese,Universitatea Craiova,0,2026-06-19T18:57:11Z,contract
Jonathan Silva,Torino,Mantova,0,2026-06-19T18:56:02Z,on loan
Artur Jedrzejczyk,Legia Warszawa,Free agent,0,2026-06-19T18:45:23Z,contract
Luka Lucic,Zagłębie Lubin,Free agent,0,2026-06-19T18:40:59Z,contract
Adam Radwanski,Zagłębie Lubin,Free agent,0,2026-06-19T18:40:30Z,contract
Tomasz Makowski,Zagłębie Lubin,Free agent,0,2026-06-19T18:40:09Z,contract
Nikolaos Botis,Olympiacos,Pogoń Szczecin,0,2026-06-19T18:38:36Z,contract
Sam Field,QPR,Norwich,0,2026-06-19T18:16:31Z,contract
Ben Lederman,Maccabi Tel Aviv,Wieczysta,0,2026-06-19T18:15:00Z,contract
Javi Mier,SD Huesca,Free agent,0,2026-06-19T18:11:51Z,contract
André,Gremio,Göztepe,0,2026-06-19T17:50:33Z,contract
Daniël van Vianen,FC Dordrecht,Excelsior,0,2026-06-19T17:40:18Z,contract
Mateo Flores,Real Betis,Arouca,1400000,2026-06-19T17:33:54Z,contract
Dominique Heintz,Köln,Düsseldorf,0,2026-06-19T15:45:52Z,contract
Jari De Busser,Go Ahead Eagles,AZ Alkmaar,0,2026-06-19T15:43:59Z,contract
Vedat Muriqi,Mallorca,Fenerbahçe,0,2026-06-19T15:10:40Z,contract
Manu Nieto,FC Andorra,Free agent,0,2026-06-19T15:07:20Z,contract
Álvaro Martin,Free agent,Castellon,0,2026-06-19T15:06:14Z,contract
Allahyar Sayyadmanesh,Westerlo,Lech Poznań,0,2026-06-19T15:02:30Z,contract
Jon García,Osasuna,Cultural Leonesa,0,2026-06-19T15:01:13Z,contract
Egoitz Muñoz,Deportivo Alaves,Cordoba,0,2026-06-19T14:58:04Z,on loan
Elias Sørensen,Vålerenga,PEC Zwolle,0,2026-06-19T14:21:58Z,contract
Charles Vanhoutte,Nice,Feyenoord,5500000,2026-06-19T14:15:37Z,contract
Pablo Maffeo,Mallorca,Olympiacos,3000000,2026-06-19T13:41:35Z,contract
Plamen Andreev,Feyenoord,Debrecen,0,2026-06-19T13:01:55Z,contract
Giacomo Faticanti,Lecce,Juventus,0,2026-06-19T12:47:22Z,contract
Marco Komenda,Holstein Kiel,Arka Gdynia,0,2026-06-19T12:44:31Z,contract
Krisztián Hegyi,West Ham,Sparta Prague,0,2026-06-19T12:43:54Z,contract
Daouda Guindo,Brest,Reims,0,2026-06-19T11:17:43Z,contract
Friday Etim,Fredericia,FC Midtjylland,0,2026-06-19T11:05:40Z,contract
Friday Etim,FC Midtjylland,Fredericia,0,2026-06-19T11:05:08Z,contract
Marvin Çuni,Rubin,NK Olimpija,0,2026-06-19T10:11:16Z,on loan
Suf Podgoreanu,Maccabi Haifa,Kortrijk,0,2026-06-19T10:00:10Z,contract
Lazare Amani,Kifisia FC,Cercle Brugge,300000,2026-06-19T09:57:06Z,contract
Josué Vergara,Auda,Gent,2500000,2026-06-19T09:52:17Z,contract
Alberto Moreno,Como,Free agent,0,2026-06-19T09:47:57Z,contract
Denis Makarov,Kayserispor,Free agent,0,2026-06-19T09:44:03Z,contract
Noah Solheid,RFC Seraing,Sporting Charleroi,0,2026-06-19T09:42:47Z,contract
Robin Denuit,Sporting Charleroi,Lokeren,0,2026-06-19T09:36:52Z,contract
Jules Gaudin,Sporting Charleroi,Laval,0,2026-06-19T09:32:43Z,contract
Fahem Benaïssa-Yahia,Casa Pia AC,Mantova,0,2026-06-19T09:25:45Z,contract
